Day_0,Day_1,Day_7,Day_21
0.7666776475,0.7655607,0.758859156,0.5092605
